n_all,n_strata,RR_star_lower,RR_star_upper,response,RR_stratum_1,RR_stratum_2,RR_stratum_3,haplo_freq_most_common_allele_stratum_1,alpha,n_triads_per_stratum,haplo_freq_most_common_allele_stratum_2,haplo_freq_most_common_allele_stratum_3,RR.power_Haplotype_2
2,3,1,1,mult,3,1,0.3333333333333333,0.6,0.05,16,0.6,0.6,0.71
2,3,1,1,mult,3,1,0.3333333333333333,0.65,0.05,16,0.65,0.65,0.69
2,3,1,1,mult,3,1,0.3333333333333333,0.7,0.05,16,0.7,0.7,0.65
2,3,1,1,mult,3,1,0.3333333333333333,0.75,0.05,16,0.75,0.75,0.6
2,3,1,1,mult,3,1,0.3333333333333333,0.8,0.05,16,0.8,0.8,0.52
2,3,1,1,mult,3,1,0.3333333333333333,0.85,0.05,16,0.85,0.85,0.43
2,3,1,1,mult,3,1,0.3333333333333333,0.9,0.05,16,0.9,0.9,0.31
2,3,1,1,mult,3,1,0.3333333333333333,0.95,0.05,16,0.95,0.95,0.18
2,3,1,1,mult,3,1,0.3333333333333333,0.6,5e-5,16,0.6,0.6,0.07
2,3,1,1,mult,3,1,0.3333333333333333,0.65,5e-5,16,0.65,0.65,0.06
2,3,1,1,mult,3,1,0.3333333333333333,0.7,5e-5,16,0.7,0.7,0.05
2,3,1,1,mult,3,1,0.3333333333333333,0.75,5e-5,16,0.75,0.75,0.03
2,3,1,1,mult,3,1,0.3333333333333333,0.8,5e-5,16,0.8,0.8,0.02
2,3,1,1,mult,3,1,0.3333333333333333,0.85,5e-5,16,0.85,0.85,0.01
2,3,1,1,mult,3,1,0.3333333333333333,0.9,5e-5,16,0.9,0.9,0.01
2,3,1,1,mult,3,1,0.3333333333333333,0.95,5e-5,16,0.95,0.95,0
2,3,1,1,mult,3,1,0.3333333333333333,0.6,5e-6,16,0.6,0.6,0.02
2,3,1,1,mult,3,1,0.3333333333333333,0.65,5e-6,16,0.65,0.65,0.02
2,3,1,1,mult,3,1,0.3333333333333333,0.7,5e-6,16,0.7,0.7,0.01
2,3,1,1,mult,3,1,0.3333333333333333,0.75,5e-6,16,0.75,0.75,0.01
2,3,1,1,mult,3,1,0.3333333333333333,0.8,5e-6,16,0.8,0.8,0.01
2,3,1,1,mult,3,1,0.3333333333333333,0.85,5e-6,16,0.85,0.85,0
2,3,1,1,mult,3,1,0.3333333333333333,0.9,5e-6,16,0.9,0.9,0
2,3,1,1,mult,3,1,0.3333333333333333,0.95,5e-6,16,0.95,0.95,0
2,3,1,1,mult,3,1,0.3333333333333333,0.6,5.000000000000001e-7,16,0.6,0.6,0.01
2,3,1,1,mult,3,1,0.3333333333333333,0.65,5.000000000000001e-7,16,0.65,0.65,0.01
2,3,1,1,mult,3,1,0.3333333333333333,0.7,5.000000000000001e-7,16,0.7,0.7,0
2,3,1,1,mult,3,1,0.3333333333333333,0.75,5.000000000000001e-7,16,0.75,0.75,0
2,3,1,1,mult,3,1,0.3333333333333333,0.8,5.000000000000001e-7,16,0.8,0.8,0
2,3,1,1,mult,3,1,0.3333333333333333,0.85,5.000000000000001e-7,16,0.85,0.85,0
2,3,1,1,mult,3,1,0.3333333333333333,0.9,5.000000000000001e-7,16,0.9,0.9,0
2,3,1,1,mult,3,1,0.3333333333333333,0.95,5.000000000000001e-7,16,0.95,0.95,0
2,3,1,1,mult,3,1,0.3333333333333333,0.6,5e-8,16,0.6,0.6,0
2,3,1,1,mult,3,1,0.3333333333333333,0.65,5e-8,16,0.65,0.65,0
2,3,1,1,mult,3,1,0.3333333333333333,0.7,5e-8,16,0.7,0.7,0
2,3,1,1,mult,3,1,0.3333333333333333,0.75,5e-8,16,0.75,0.75,0
2,3,1,1,mult,3,1,0.3333333333333333,0.8,5e-8,16,0.8,0.8,0
2,3,1,1,mult,3,1,0.3333333333333333,0.85,5e-8,16,0.85,0.85,0
2,3,1,1,mult,3,1,0.3333333333333333,0.9,5e-8,16,0.9,0.9,0
2,3,1,1,mult,3,1,0.3333333333333333,0.95,5e-8,16,0.95,0.95,0
2,3,1,1,mult,3,1,0.3333333333333333,0.6,5e-10,16,0.6,0.6,0
2,3,1,1,mult,3,1,0.3333333333333333,0.65,5e-10,16,0.65,0.65,0
2,3,1,1,mult,3,1,0.3333333333333333,0.7,5e-10,16,0.7,0.7,0
2,3,1,1,mult,3,1,0.3333333333333333,0.75,5e-10,16,0.75,0.75,0
2,3,1,1,mult,3,1,0.3333333333333333,0.8,5e-10,16,0.8,0.8,0
2,3,1,1,mult,3,1,0.3333333333333333,0.85,5e-10,16,0.85,0.85,0
2,3,1,1,mult,3,1,0.3333333333333333,0.9,5e-10,16,0.9,0.9,0
2,3,1,1,mult,3,1,0.3333333333333333,0.95,5e-10,16,0.95,0.95,0
2,3,1,1,mult,3,1,0.3333333333333333,0.6,0.05,33,0.6,0.6,0.96
2,3,1,1,mult,3,1,0.3333333333333333,0.65,0.05,33,0.65,0.65,0.95
2,3,1,1,mult,3,1,0.3333333333333333,0.7,0.05,33,0.7,0.7,0.93
2,3,1,1,mult,3,1,0.3333333333333333,0.75,0.05,33,0.75,0.75,0.9
2,3,1,1,mult,3,1,0.3333333333333333,0.8,0.05,33,0.8,0.8,0.85
2,3,1,1,mult,3,1,0.3333333333333333,0.85,0.05,33,0.85,0.85,0.75
2,3,1,1,mult,3,1,0.3333333333333333,0.9,0.05,33,0.9,0.9,0.59
2,3,1,1,mult,3,1,0.3333333333333333,0.95,0.05,33,0.95,0.95,0.34
2,3,1,1,mult,3,1,0.3333333333333333,0.6,5e-5,33,0.6,0.6,0.39
2,3,1,1,mult,3,1,0.3333333333333333,0.65,5e-5,33,0.65,0.65,0.35
2,3,1,1,mult,3,1,0.3333333333333333,0.7,5e-5,33,0.7,0.7,0.29
2,3,1,1,mult,3,1,0.3333333333333333,0.75,5e-5,33,0.75,0.75,0.22
2,3,1,1,mult,3,1,0.3333333333333333,0.8,5e-5,33,0.8,0.8,0.15
2,3,1,1,mult,3,1,0.3333333333333333,0.85,5e-5,33,0.85,0.85,0.08
2,3,1,1,mult,3,1,0.3333333333333333,0.9,5e-5,33,0.9,0.9,0.03
2,3,1,1,mult,3,1,0.3333333333333333,0.95,5e-5,33,0.95,0.95,0.01
2,3,1,1,mult,3,1,0.3333333333333333,0.6,5e-6,33,0.6,0.6,0.22
2,3,1,1,mult,3,1,0.3333333333333333,0.65,5e-6,33,0.65,0.65,0.19
2,3,1,1,mult,3,1,0.3333333333333333,0.7,5e-6,33,0.7,0.7,0.15
2,3,1,1,mult,3,1,0.3333333333333333,0.75,5e-6,33,0.75,0.75,0.1
2,3,1,1,mult,3,1,0.3333333333333333,0.8,5e-6,33,0.8,0.8,0.06
2,3,1,1,mult,3,1,0.3333333333333333,0.85,5e-6,33,0.85,0.85,0.03
2,3,1,1,mult,3,1,0.3333333333333333,0.9,5e-6,33,0.9,0.9,0.01
2,3,1,1,mult,3,1,0.3333333333333333,0.95,5e-6,33,0.95,0.95,0
2,3,1,1,mult,3,1,0.3333333333333333,0.6,5.000000000000001e-7,33,0.6,0.6,0.11
2,3,1,1,mult,3,1,0.3333333333333333,0.65,5.000000000000001e-7,33,0.65,0.65,0.09
2,3,1,1,mult,3,1,0.3333333333333333,0.7,5.000000000000001e-7,33,0.7,0.7,0.07
2,3,1,1,mult,3,1,0.3333333333333333,0.75,5.000000000000001e-7,33,0.75,0.75,0.04
2,3,1,1,mult,3,1,0.3333333333333333,0.8,5.000000000000001e-7,33,0.8,0.8,0.02
2,3,1,1,mult,3,1,0.3333333333333333,0.85,5.000000000000001e-7,33,0.85,0.85,0.01
2,3,1,1,mult,3,1,0.3333333333333333,0.9,5.000000000000001e-7,33,0.9,0.9,0
2,3,1,1,mult,3,1,0.3333333333333333,0.95,5.000000000000001e-7,33,0.95,0.95,0
2,3,1,1,mult,3,1,0.3333333333333333,0.6,5e-8,33,0.6,0.6,0.05
2,3,1,1,mult,3,1,0.3333333333333333,0.65,5e-8,33,0.65,0.65,0.04
2,3,1,1,mult,3,1,0.3333333333333333,0.7,5e-8,33,0.7,0.7,0.03
2,3,1,1,mult,3,1,0.3333333333333333,0.75,5e-8,33,0.75,0.75,0.02
2,3,1,1,mult,3,1,0.3333333333333333,0.8,5e-8,33,0.8,0.8,0.01
2,3,1,1,mult,3,1,0.3333333333333333,0.85,5e-8,33,0.85,0.85,0
2,3,1,1,mult,3,1,0.3333333333333333,0.9,5e-8,33,0.9,0.9,0
2,3,1,1,mult,3,1,0.3333333333333333,0.95,5e-8,33,0.95,0.95,0
2,3,1,1,mult,3,1,0.3333333333333333,0.6,5e-10,33,0.6,0.6,0.01
2,3,1,1,mult,3,1,0.3333333333333333,0.65,5e-10,33,0.65,0.65,0.01
2,3,1,1,mult,3,1,0.3333333333333333,0.7,5e-10,33,0.7,0.7,0
2,3,1,1,mult,3,1,0.3333333333333333,0.75,5e-10,33,0.75,0.75,0
2,3,1,1,mult,3,1,0.3333333333333333,0.8,5e-10,33,0.8,0.8,0
2,3,1,1,mult,3,1,0.3333333333333333,0.85,5e-10,33,0.85,0.85,0
2,3,1,1,mult,3,1,0.3333333333333333,0.9,5e-10,33,0.9,0.9,0
2,3,1,1,mult,3,1,0.3333333333333333,0.95,5e-10,33,0.95,0.95,0
2,3,1,1,mult,3,1,0.3333333333333333,0.6,0.05,50,0.6,0.6,1
2,3,1,1,mult,3,1,0.3333333333333333,0.65,0.05,50,0.65,0.65,0.99
2,3,1,1,mult,3,1,0.3333333333333333,0.7,0.05,50,0.7,0.7,0.99
2,3,1,1,mult,3,1,0.3333333333333333,0.75,0.05,50,0.75,0.75,0.98
2,3,1,1,mult,3,1,0.3333333333333333,0.8,0.05,50,0.8,0.8,0.96
2,3,1,1,mult,3,1,0.3333333333333333,0.85,0.05,50,0.85,0.85,0.91
2,3,1,1,mult,3,1,0.3333333333333333,0.9,0.05,50,0.9,0.9,0.78
2,3,1,1,mult,3,1,0.3333333333333333,0.95,0.05,50,0.95,0.95,0.49
2,3,1,1,mult,3,1,0.3333333333333333,0.6,5e-5,50,0.6,0.6,0.74
2,3,1,1,mult,3,1,0.3333333333333333,0.65,5e-5,50,0.65,0.65,0.69
2,3,1,1,mult,3,1,0.3333333333333333,0.7,5e-5,50,0.7,0.7,0.62
2,3,1,1,mult,3,1,0.3333333333333333,0.75,5e-5,50,0.75,0.75,0.52
2,3,1,1,mult,3,1,0.3333333333333333,0.8,5e-5,50,0.8,0.8,0.39
2,3,1,1,mult,3,1,0.3333333333333333,0.85,5e-5,50,0.85,0.85,0.24
2,3,1,1,mult,3,1,0.3333333333333333,0.9,5e-5,50,0.9,0.9,0.1
2,3,1,1,mult,3,1,0.3333333333333333,0.95,5e-5,50,0.95,0.95,0.02
2,3,1,1,mult,3,1,0.3333333333333333,0.6,5e-6,50,0.6,0.6,0.56
2,3,1,1,mult,3,1,0.3333333333333333,0.65,5e-6,50,0.65,0.65,0.5
2,3,1,1,mult,3,1,0.3333333333333333,0.7,5e-6,50,0.7,0.7,0.43
2,3,1,1,mult,3,1,0.3333333333333333,0.75,5e-6,50,0.75,0.75,0.33
2,3,1,1,mult,3,1,0.3333333333333333,0.8,5e-6,50,0.8,0.8,0.22
2,3,1,1,mult,3,1,0.3333333333333333,0.85,5e-6,50,0.85,0.85,0.11
2,3,1,1,mult,3,1,0.3333333333333333,0.9,5e-6,50,0.9,0.9,0.04
2,3,1,1,mult,3,1,0.3333333333333333,0.95,5e-6,50,0.95,0.95,0
2,3,1,1,mult,3,1,0.3333333333333333,0.6,5.000000000000001e-7,50,0.6,0.6,0.38
2,3,1,1,mult,3,1,0.3333333333333333,0.65,5.000000000000001e-7,50,0.65,0.65,0.33
2,3,1,1,mult,3,1,0.3333333333333333,0.7,5.000000000000001e-7,50,0.7,0.7,0.26
2,3,1,1,mult,3,1,0.3333333333333333,0.75,5.000000000000001e-7,50,0.75,0.75,0.19
2,3,1,1,mult,3,1,0.3333333333333333,0.8,5.000000000000001e-7,50,0.8,0.8,0.11
2,3,1,1,mult,3,1,0.3333333333333333,0.85,5.000000000000001e-7,50,0.85,0.85,0.05
2,3,1,1,mult,3,1,0.3333333333333333,0.9,5.000000000000001e-7,50,0.9,0.9,0.01
2,3,1,1,mult,3,1,0.3333333333333333,0.95,5.000000000000001e-7,50,0.95,0.95,0
2,3,1,1,mult,3,1,0.3333333333333333,0.6,5e-8,50,0.6,0.6,0.23
2,3,1,1,mult,3,1,0.3333333333333333,0.65,5e-8,50,0.65,0.65,0.2
2,3,1,1,mult,3,1,0.3333333333333333,0.7,5e-8,50,0.7,0.7,0.15
2,3,1,1,mult,3,1,0.3333333333333333,0.75,5e-8,50,0.75,0.75,0.1
2,3,1,1,mult,3,1,0.3333333333333333,0.8,5e-8,50,0.8,0.8,0.05
2,3,1,1,mult,3,1,0.3333333333333333,0.85,5e-8,50,0.85,0.85,0.02
2,3,1,1,mult,3,1,0.3333333333333333,0.9,5e-8,50,0.9,0.9,0
2,3,1,1,mult,3,1,0.3333333333333333,0.95,5e-8,50,0.95,0.95,0
2,3,1,1,mult,3,1,0.3333333333333333,0.6,5e-10,50,0.6,0.6,0.07
2,3,1,1,mult,3,1,0.3333333333333333,0.65,5e-10,50,0.65,0.65,0.05
2,3,1,1,mult,3,1,0.3333333333333333,0.7,5e-10,50,0.7,0.7,0.04
2,3,1,1,mult,3,1,0.3333333333333333,0.75,5e-10,50,0.75,0.75,0.02
2,3,1,1,mult,3,1,0.3333333333333333,0.8,5e-10,50,0.8,0.8,0.01
2,3,1,1,mult,3,1,0.3333333333333333,0.85,5e-10,50,0.85,0.85,0
2,3,1,1,mult,3,1,0.3333333333333333,0.9,5e-10,50,0.9,0.9,0
2,3,1,1,mult,3,1,0.3333333333333333,0.95,5e-10,50,0.95,0.95,0
2,3,1,1,mult,3,1,0.3333333333333333,0.6,0.05,66,0.6,0.6,1
2,3,1,1,mult,3,1,0.3333333333333333,0.65,0.05,66,0.65,0.65,1
2,3,1,1,mult,3,1,0.3333333333333333,0.7,0.05,66,0.7,0.7,1
2,3,1,1,mult,3,1,0.3333333333333333,0.75,0.05,66,0.75,0.75,1
2,3,1,1,mult,3,1,0.3333333333333333,0.8,0.05,66,0.8,0.8,0.99
2,3,1,1,mult,3,1,0.3333333333333333,0.85,0.05,66,0.85,0.85,0.97
2,3,1,1,mult,3,1,0.3333333333333333,0.9,0.05,66,0.9,0.9,0.89
2,3,1,1,mult,3,1,0.3333333333333333,0.95,0.05,66,0.95,0.95,0.61
2,3,1,1,mult,3,1,0.3333333333333333,0.6,5e-5,66,0.6,0.6,0.91
2,3,1,1,mult,3,1,0.3333333333333333,0.65,5e-5,66,0.65,0.65,0.89
2,3,1,1,mult,3,1,0.3333333333333333,0.7,5e-5,66,0.7,0.7,0.84
2,3,1,1,mult,3,1,0.3333333333333333,0.75,5e-5,66,0.75,0.75,0.76
2,3,1,1,mult,3,1,0.3333333333333333,0.8,5e-5,66,0.8,0.8,0.62
2,3,1,1,mult,3,1,0.3333333333333333,0.85,5e-5,66,0.85,0.85,0.43
2,3,1,1,mult,3,1,0.3333333333333333,0.9,5e-5,66,0.9,0.9,0.2
2,3,1,1,mult,3,1,0.3333333333333333,0.95,5e-5,66,0.95,0.95,0.04
2,3,1,1,mult,3,1,0.3333333333333333,0.6,5e-6,66,0.6,0.6,0.81
2,3,1,1,mult,3,1,0.3333333333333333,0.65,5e-6,66,0.65,0.65,0.77
2,3,1,1,mult,3,1,0.3333333333333333,0.7,5e-6,66,0.7,0.7,0.69
2,3,1,1,mult,3,1,0.3333333333333333,0.75,5e-6,66,0.75,0.75,0.58
2,3,1,1,mult,3,1,0.3333333333333333,0.8,5e-6,66,0.8,0.8,0.43
2,3,1,1,mult,3,1,0.3333333333333333,0.85,5e-6,66,0.85,0.85,0.25
2,3,1,1,mult,3,1,0.3333333333333333,0.9,5e-6,66,0.9,0.9,0.09
2,3,1,1,mult,3,1,0.3333333333333333,0.95,5e-6,66,0.95,0.95,0.01
2,3,1,1,mult,3,1,0.3333333333333333,0.6,5.000000000000001e-7,66,0.6,0.6,0.66
2,3,1,1,mult,3,1,0.3333333333333333,0.65,5.000000000000001e-7,66,0.65,0.65,0.61
2,3,1,1,mult,3,1,0.3333333333333333,0.7,5.000000000000001e-7,66,0.7,0.7,0.52
2,3,1,1,mult,3,1,0.3333333333333333,0.75,5.000000000000001e-7,66,0.75,0.75,0.4
2,3,1,1,mult,3,1,0.3333333333333333,0.8,5.000000000000001e-7,66,0.8,0.8,0.26
2,3,1,1,mult,3,1,0.3333333333333333,0.85,5.000000000000001e-7,66,0.85,0.85,0.13
2,3,1,1,mult,3,1,0.3333333333333333,0.9,5.000000000000001e-7,66,0.9,0.9,0.04
2,3,1,1,mult,3,1,0.3333333333333333,0.95,5.000000000000001e-7,66,0.95,0.95,0
2,3,1,1,mult,3,1,0.3333333333333333,0.6,5e-8,66,0.6,0.6,0.5
2,3,1,1,mult,3,1,0.3333333333333333,0.65,5e-8,66,0.65,0.65,0.44
2,3,1,1,mult,3,1,0.3333333333333333,0.7,5e-8,66,0.7,0.7,0.36
2,3,1,1,mult,3,1,0.3333333333333333,0.75,5e-8,66,0.75,0.75,0.25
2,3,1,1,mult,3,1,0.3333333333333333,0.8,5e-8,66,0.8,0.8,0.15
2,3,1,1,mult,3,1,0.3333333333333333,0.85,5e-8,66,0.85,0.85,0.06
2,3,1,1,mult,3,1,0.3333333333333333,0.9,5e-8,66,0.9,0.9,0.01
2,3,1,1,mult,3,1,0.3333333333333333,0.95,5e-8,66,0.95,0.95,0
2,3,1,1,mult,3,1,0.3333333333333333,0.6,5e-10,66,0.6,0.6,0.23
2,3,1,1,mult,3,1,0.3333333333333333,0.65,5e-10,66,0.65,0.65,0.19
2,3,1,1,mult,3,1,0.3333333333333333,0.7,5e-10,66,0.7,0.7,0.13
2,3,1,1,mult,3,1,0.3333333333333333,0.75,5e-10,66,0.75,0.75,0.08
2,3,1,1,mult,3,1,0.3333333333333333,0.8,5e-10,66,0.8,0.8,0.04
2,3,1,1,mult,3,1,0.3333333333333333,0.85,5e-10,66,0.85,0.85,0.01
2,3,1,1,mult,3,1,0.3333333333333333,0.9,5e-10,66,0.9,0.9,0
2,3,1,1,mult,3,1,0.3333333333333333,0.95,5e-10,66,0.95,0.95,0
2,3,1,1,mult,3,1,0.3333333333333333,0.6,0.05,83,0.6,0.6,1
2,3,1,1,mult,3,1,0.3333333333333333,0.65,0.05,83,0.65,0.65,1
2,3,1,1,mult,3,1,0.3333333333333333,0.7,0.05,83,0.7,0.7,1
2,3,1,1,mult,3,1,0.3333333333333333,0.75,0.05,83,0.75,0.75,1
2,3,1,1,mult,3,1,0.3333333333333333,0.8,0.05,83,0.8,0.8,1
2,3,1,1,mult,3,1,0.3333333333333333,0.85,0.05,83,0.85,0.85,0.99
2,3,1,1,mult,3,1,0.3333333333333333,0.9,0.05,83,0.9,0.9,0.95
2,3,1,1,mult,3,1,0.3333333333333333,0.95,0.05,83,0.95,0.95,0.72
2,3,1,1,mult,3,1,0.3333333333333333,0.6,5e-5,83,0.6,0.6,0.98
2,3,1,1,mult,3,1,0.3333333333333333,0.65,5e-5,83,0.65,0.65,0.97
2,3,1,1,mult,3,1,0.3333333333333333,0.7,5e-5,83,0.7,0.7,0.95
2,3,1,1,mult,3,1,0.3333333333333333,0.75,5e-5,83,0.75,0.75,0.9
2,3,1,1,mult,3,1,0.3333333333333333,0.8,5e-5,83,0.8,0.8,0.81
2,3,1,1,mult,3,1,0.3333333333333333,0.85,5e-5,83,0.85,0.85,0.62
2,3,1,1,mult,3,1,0.3333333333333333,0.9,5e-5,83,0.9,0.9,0.33
2,3,1,1,mult,3,1,0.3333333333333333,0.95,5e-5,83,0.95,0.95,0.07
2,3,1,1,mult,3,1,0.3333333333333333,0.6,5e-6,83,0.6,0.6,0.94
2,3,1,1,mult,3,1,0.3333333333333333,0.65,5e-6,83,0.65,0.65,0.92
2,3,1,1,mult,3,1,0.3333333333333333,0.7,5e-6,83,0.7,0.7,0.87
2,3,1,1,mult,3,1,0.3333333333333333,0.75,5e-6,83,0.75,0.75,0.79
2,3,1,1,mult,3,1,0.3333333333333333,0.8,5e-6,83,0.8,0.8,0.65
2,3,1,1,mult,3,1,0.3333333333333333,0.85,5e-6,83,0.85,0.85,0.43
2,3,1,1,mult,3,1,0.3333333333333333,0.9,5e-6,83,0.9,0.9,0.18
2,3,1,1,mult,3,1,0.3333333333333333,0.95,5e-6,83,0.95,0.95,0.02
2,3,1,1,mult,3,1,0.3333333333333333,0.6,5.000000000000001e-7,83,0.6,0.6,0.87
2,3,1,1,mult,3,1,0.3333333333333333,0.65,5.000000000000001e-7,83,0.65,0.65,0.83
2,3,1,1,mult,3,1,0.3333333333333333,0.7,5.000000000000001e-7,83,0.7,0.7,0.76
2,3,1,1,mult,3,1,0.3333333333333333,0.75,5.000000000000001e-7,83,0.75,0.75,0.64
2,3,1,1,mult,3,1,0.3333333333333333,0.8,5.000000000000001e-7,83,0.8,0.8,0.47
2,3,1,1,mult,3,1,0.3333333333333333,0.85,5.000000000000001e-7,83,0.85,0.85,0.26
2,3,1,1,mult,3,1,0.3333333333333333,0.9,5.000000000000001e-7,83,0.9,0.9,0.08
2,3,1,1,mult,3,1,0.3333333333333333,0.95,5.000000000000001e-7,83,0.95,0.95,0.01
2,3,1,1,mult,3,1,0.3333333333333333,0.6,5e-8,83,0.6,0.6,0.76
2,3,1,1,mult,3,1,0.3333333333333333,0.65,5e-8,83,0.65,0.65,0.7
2,3,1,1,mult,3,1,0.3333333333333333,0.7,5e-8,83,0.7,0.7,0.61
2,3,1,1,mult,3,1,0.3333333333333333,0.75,5e-8,83,0.75,0.75,0.48
2,3,1,1,mult,3,1,0.3333333333333333,0.8,5e-8,83,0.8,0.8,0.31
2,3,1,1,mult,3,1,0.3333333333333333,0.85,5e-8,83,0.85,0.85,0.15
2,3,1,1,mult,3,1,0.3333333333333333,0.9,5e-8,83,0.9,0.9,0.04
2,3,1,1,mult,3,1,0.3333333333333333,0.95,5e-8,83,0.95,0.95,0
2,3,1,1,mult,3,1,0.3333333333333333,0.6,5e-10,83,0.6,0.6,0.48
2,3,1,1,mult,3,1,0.3333333333333333,0.65,5e-10,83,0.65,0.65,0.41
2,3,1,1,mult,3,1,0.3333333333333333,0.7,5e-10,83,0.7,0.7,0.32
2,3,1,1,mult,3,1,0.3333333333333333,0.75,5e-10,83,0.75,0.75,0.21
2,3,1,1,mult,3,1,0.3333333333333333,0.8,5e-10,83,0.8,0.8,0.11
2,3,1,1,mult,3,1,0.3333333333333333,0.85,5e-10,83,0.85,0.85,0.04
2,3,1,1,mult,3,1,0.3333333333333333,0.9,5e-10,83,0.9,0.9,0.01
2,3,1,1,mult,3,1,0.3333333333333333,0.95,5e-10,83,0.95,0.95,0
2,3,1,1,mult,3,1,0.3333333333333333,0.6,0.05,100,0.6,0.6,1
2,3,1,1,mult,3,1,0.3333333333333333,0.65,0.05,100,0.65,0.65,1
2,3,1,1,mult,3,1,0.3333333333333333,0.7,0.05,100,0.7,0.7,1
2,3,1,1,mult,3,1,0.3333333333333333,0.75,0.05,100,0.75,0.75,1
2,3,1,1,mult,3,1,0.3333333333333333,0.8,0.05,100,0.8,0.8,1
2,3,1,1,mult,3,1,0.3333333333333333,0.85,0.05,100,0.85,0.85,1
2,3,1,1,mult,3,1,0.3333333333333333,0.9,0.05,100,0.9,0.9,0.98
2,3,1,1,mult,3,1,0.3333333333333333,0.95,0.05,100,0.95,0.95,0.8
2,3,1,1,mult,3,1,0.3333333333333333,0.6,5e-5,100,0.6,0.6,1
2,3,1,1,mult,3,1,0.3333333333333333,0.65,5e-5,100,0.65,0.65,0.99
2,3,1,1,mult,3,1,0.3333333333333333,0.7,5e-5,100,0.7,0.7,0.99
2,3,1,1,mult,3,1,0.3333333333333333,0.75,5e-5,100,0.75,0.75,0.97
2,3,1,1,mult,3,1,0.3333333333333333,0.8,5e-5,100,0.8,0.8,0.92
2,3,1,1,mult,3,1,0.3333333333333333,0.85,5e-5,100,0.85,0.85,0.78
2,3,1,1,mult,3,1,0.3333333333333333,0.9,5e-5,100,0.9,0.9,0.48
2,3,1,1,mult,3,1,0.3333333333333333,0.95,5e-5,100,0.95,0.95,0.11
2,3,1,1,mult,3,1,0.3333333333333333,0.6,5e-6,100,0.6,0.6,0.99
2,3,1,1,mult,3,1,0.3333333333333333,0.65,5e-6,100,0.65,0.65,0.98
2,3,1,1,mult,3,1,0.3333333333333333,0.7,5e-6,100,0.7,0.7,0.96
2,3,1,1,mult,3,1,0.3333333333333333,0.75,5e-6,100,0.75,0.75,0.91
2,3,1,1,mult,3,1,0.3333333333333333,0.8,5e-6,100,0.8,0.8,0.81
2,3,1,1,mult,3,1,0.3333333333333333,0.85,5e-6,100,0.85,0.85,0.6
2,3,1,1,mult,3,1,0.3333333333333333,0.9,5e-6,100,0.9,0.9,0.29
2,3,1,1,mult,3,1,0.3333333333333333,0.95,5e-6,100,0.95,0.95,0.04
2,3,1,1,mult,3,1,0.3333333333333333,0.6,5.000000000000001e-7,100,0.6,0.6,0.96
2,3,1,1,mult,3,1,0.3333333333333333,0.65,5.000000000000001e-7,100,0.65,0.65,0.94
2,3,1,1,mult,3,1,0.3333333333333333,0.7,5.000000000000001e-7,100,0.7,0.7,0.9
2,3,1,1,mult,3,1,0.3333333333333333,0.75,5.000000000000001e-7,100,0.75,0.75,0.82
2,3,1,1,mult,3,1,0.3333333333333333,0.8,5.000000000000001e-7,100,0.8,0.8,0.67
2,3,1,1,mult,3,1,0.3333333333333333,0.85,5.000000000000001e-7,100,0.85,0.85,0.43
2,3,1,1,mult,3,1,0.3333333333333333,0.9,5.000000000000001e-7,100,0.9,0.9,0.16
2,3,1,1,mult,3,1,0.3333333333333333,0.95,5.000000000000001e-7,100,0.95,0.95,0.02
2,3,1,1,mult,3,1,0.3333333333333333,0.6,5e-8,100,0.6,0.6,0.91
2,3,1,1,mult,3,1,0.3333333333333333,0.65,5e-8,100,0.65,0.65,0.87
2,3,1,1,mult,3,1,0.3333333333333333,0.7,5e-8,100,0.7,0.7,0.81
2,3,1,1,mult,3,1,0.3333333333333333,0.75,5e-8,100,0.75,0.75,0.69
2,3,1,1,mult,3,1,0.3333333333333333,0.8,5e-8,100,0.8,0.8,0.51
2,3,1,1,mult,3,1,0.3333333333333333,0.85,5e-8,100,0.85,0.85,0.27
2,3,1,1,mult,3,1,0.3333333333333333,0.9,5e-8,100,0.9,0.9,0.08
2,3,1,1,mult,3,1,0.3333333333333333,0.95,5e-8,100,0.95,0.95,0
2,3,1,1,mult,3,1,0.3333333333333333,0.6,5e-10,100,0.6,0.6,0.72
2,3,1,1,mult,3,1,0.3333333333333333,0.65,5e-10,100,0.65,0.65,0.65
2,3,1,1,mult,3,1,0.3333333333333333,0.7,5e-10,100,0.7,0.7,0.54
2,3,1,1,mult,3,1,0.3333333333333333,0.75,5e-10,100,0.75,0.75,0.4
2,3,1,1,mult,3,1,0.3333333333333333,0.8,5e-10,100,0.8,0.8,0.23
2,3,1,1,mult,3,1,0.3333333333333333,0.85,5e-10,100,0.85,0.85,0.09
2,3,1,1,mult,3,1,0.3333333333333333,0.9,5e-10,100,0.9,0.9,0.01
2,3,1,1,mult,3,1,0.3333333333333333,0.95,5e-10,100,0.95,0.95,0
2,3,1,1,mult,3,1,0.3333333333333333,0.6,0.05,116,0.6,0.6,1
2,3,1,1,mult,3,1,0.3333333333333333,0.65,0.05,116,0.65,0.65,1
2,3,1,1,mult,3,1,0.3333333333333333,0.7,0.05,116,0.7,0.7,1
2,3,1,1,mult,3,1,0.3333333333333333,0.75,0.05,116,0.75,0.75,1
2,3,1,1,mult,3,1,0.3333333333333333,0.8,0.05,116,0.8,0.8,1
2,3,1,1,mult,3,1,0.3333333333333333,0.85,0.05,116,0.85,0.85,1
2,3,1,1,mult,3,1,0.3333333333333333,0.9,0.05,116,0.9,0.9,0.99
2,3,1,1,mult,3,1,0.3333333333333333,0.95,0.05,116,0.95,0.95,0.86
2,3,1,1,mult,3,1,0.3333333333333333,0.6,5e-5,116,0.6,0.6,1
2,3,1,1,mult,3,1,0.3333333333333333,0.65,5e-5,116,0.65,0.65,1
2,3,1,1,mult,3,1,0.3333333333333333,0.7,5e-5,116,0.7,0.7,1
2,3,1,1,mult,3,1,0.3333333333333333,0.75,5e-5,116,0.75,0.75,0.99
2,3,1,1,mult,3,1,0.3333333333333333,0.8,5e-5,116,0.8,0.8,0.97
2,3,1,1,mult,3,1,0.3333333333333333,0.85,5e-5,116,0.85,0.85,0.87
2,3,1,1,mult,3,1,0.3333333333333333,0.9,5e-5,116,0.9,0.9,0.61
2,3,1,1,mult,3,1,0.3333333333333333,0.95,5e-5,116,0.95,0.95,0.16
2,3,1,1,mult,3,1,0.3333333333333333,0.6,5e-6,116,0.6,0.6,1
2,3,1,1,mult,3,1,0.3333333333333333,0.65,5e-6,116,0.65,0.65,0.99
2,3,1,1,mult,3,1,0.3333333333333333,0.7,5e-6,116,0.7,0.7,0.99
2,3,1,1,mult,3,1,0.3333333333333333,0.75,5e-6,116,0.75,0.75,0.97
2,3,1,1,mult,3,1,0.3333333333333333,0.8,5e-6,116,0.8,0.8,0.91
2,3,1,1,mult,3,1,0.3333333333333333,0.85,5e-6,116,0.85,0.85,0.74
2,3,1,1,mult,3,1,0.3333333333333333,0.9,5e-6,116,0.9,0.9,0.41
2,3,1,1,mult,3,1,0.3333333333333333,0.95,5e-6,116,0.95,0.95,0.07
2,3,1,1,mult,3,1,0.3333333333333333,0.6,5.000000000000001e-7,116,0.6,0.6,0.99
2,3,1,1,mult,3,1,0.3333333333333333,0.65,5.000000000000001e-7,116,0.65,0.65,0.98
2,3,1,1,mult,3,1,0.3333333333333333,0.7,5.000000000000001e-7,116,0.7,0.7,0.96
2,3,1,1,mult,3,1,0.3333333333333333,0.75,5.000000000000001e-7,116,0.75,0.75,0.92
2,3,1,1,mult,3,1,0.3333333333333333,0.8,5.000000000000001e-7,116,0.8,0.8,0.81
2,3,1,1,mult,3,1,0.3333333333333333,0.85,5.000000000000001e-7,116,0.85,0.85,0.58
2,3,1,1,mult,3,1,0.3333333333333333,0.9,5.000000000000001e-7,116,0.9,0.9,0.25
2,3,1,1,mult,3,1,0.3333333333333333,0.95,5.000000000000001e-7,116,0.95,0.95,0.03
2,3,1,1,mult,3,1,0.3333333333333333,0.6,5e-8,116,0.6,0.6,0.97
2,3,1,1,mult,3,1,0.3333333333333333,0.65,5e-8,116,0.65,0.65,0.95
2,3,1,1,mult,3,1,0.3333333333333333,0.7,5e-8,116,0.7,0.7,0.91
2,3,1,1,mult,3,1,0.3333333333333333,0.75,5e-8,116,0.75,0.75,0.83
2,3,1,1,mult,3,1,0.3333333333333333,0.8,5e-8,116,0.8,0.8,0.68
2,3,1,1,mult,3,1,0.3333333333333333,0.85,5e-8,116,0.85,0.85,0.42
2,3,1,1,mult,3,1,0.3333333333333333,0.9,5e-8,116,0.9,0.9,0.14
2,3,1,1,mult,3,1,0.3333333333333333,0.95,5e-8,116,0.95,0.95,0.01
2,3,1,1,mult,3,1,0.3333333333333333,0.6,5e-10,116,0.6,0.6,0.87
2,3,1,1,mult,3,1,0.3333333333333333,0.65,5e-10,116,0.65,0.65,0.82
2,3,1,1,mult,3,1,0.3333333333333333,0.7,5e-10,116,0.7,0.7,0.73
2,3,1,1,mult,3,1,0.3333333333333333,0.75,5e-10,116,0.75,0.75,0.59
2,3,1,1,mult,3,1,0.3333333333333333,0.8,5e-10,116,0.8,0.8,0.38
2,3,1,1,mult,3,1,0.3333333333333333,0.85,5e-10,116,0.85,0.85,0.17
2,3,1,1,mult,3,1,0.3333333333333333,0.9,5e-10,116,0.9,0.9,0.03
2,3,1,1,mult,3,1,0.3333333333333333,0.95,5e-10,116,0.95,0.95,0
2,3,1,1,mult,3,1,0.3333333333333333,0.6,0.05,133,0.6,0.6,1
2,3,1,1,mult,3,1,0.3333333333333333,0.65,0.05,133,0.65,0.65,1
2,3,1,1,mult,3,1,0.3333333333333333,0.7,0.05,133,0.7,0.7,1
2,3,1,1,mult,3,1,0.3333333333333333,0.75,0.05,133,0.75,0.75,1
2,3,1,1,mult,3,1,0.3333333333333333,0.8,0.05,133,0.8,0.8,1
2,3,1,1,mult,3,1,0.3333333333333333,0.85,0.05,133,0.85,0.85,1
2,3,1,1,mult,3,1,0.3333333333333333,0.9,0.05,133,0.9,0.9,1
2,3,1,1,mult,3,1,0.3333333333333333,0.95,0.05,133,0.95,0.95,0.9
2,3,1,1,mult,3,1,0.3333333333333333,0.6,5e-5,133,0.6,0.6,1
2,3,1,1,mult,3,1,0.3333333333333333,0.65,5e-5,133,0.65,0.65,1
2,3,1,1,mult,3,1,0.3333333333333333,0.7,5e-5,133,0.7,0.7,1
2,3,1,1,mult,3,1,0.3333333333333333,0.75,5e-5,133,0.75,0.75,1
2,3,1,1,mult,3,1,0.3333333333333333,0.8,5e-5,133,0.8,0.8,0.99
2,3,1,1,mult,3,1,0.3333333333333333,0.85,5e-5,133,0.85,0.85,0.94
2,3,1,1,mult,3,1,0.3333333333333333,0.9,5e-5,133,0.9,0.9,0.72
2,3,1,1,mult,3,1,0.3333333333333333,0.95,5e-5,133,0.95,0.95,0.23
2,3,1,1,mult,3,1,0.3333333333333333,0.6,5e-6,133,0.6,0.6,1
2,3,1,1,mult,3,1,0.3333333333333333,0.65,5e-6,133,0.65,0.65,1
2,3,1,1,mult,3,1,0.3333333333333333,0.7,5e-6,133,0.7,0.7,1
2,3,1,1,mult,3,1,0.3333333333333333,0.75,5e-6,133,0.75,0.75,0.99
2,3,1,1,mult,3,1,0.3333333333333333,0.8,5e-6,133,0.8,0.8,0.96
2,3,1,1,mult,3,1,0.3333333333333333,0.85,5e-6,133,0.85,0.85,0.85
2,3,1,1,mult,3,1,0.3333333333333333,0.9,5e-6,133,0.9,0.9,0.54
2,3,1,1,mult,3,1,0.3333333333333333,0.95,5e-6,133,0.95,0.95,0.11
2,3,1,1,mult,3,1,0.3333333333333333,0.6,5.000000000000001e-7,133,0.6,0.6,1
2,3,1,1,mult,3,1,0.3333333333333333,0.65,5.000000000000001e-7,133,0.65,0.65,1
2,3,1,1,mult,3,1,0.3333333333333333,0.7,5.000000000000001e-7,133,0.7,0.7,0.99
2,3,1,1,mult,3,1,0.3333333333333333,0.75,5.000000000000001e-7,133,0.75,0.75,0.97
2,3,1,1,mult,3,1,0.3333333333333333,0.8,5.000000000000001e-7,133,0.8,0.8,0.9
2,3,1,1,mult,3,1,0.3333333333333333,0.85,5.000000000000001e-7,133,0.85,0.85,0.72
2,3,1,1,mult,3,1,0.3333333333333333,0.9,5.000000000000001e-7,133,0.9,0.9,0.36
2,3,1,1,mult,3,1,0.3333333333333333,0.95,5.000000000000001e-7,133,0.95,0.95,0.04
2,3,1,1,mult,3,1,0.3333333333333333,0.6,5e-8,133,0.6,0.6,0.99
2,3,1,1,mult,3,1,0.3333333333333333,0.65,5e-8,133,0.65,0.65,0.99
2,3,1,1,mult,3,1,0.3333333333333333,0.7,5e-8,133,0.7,0.7,0.97
2,3,1,1,mult,3,1,0.3333333333333333,0.75,5e-8,133,0.75,0.75,0.93
2,3,1,1,mult,3,1,0.3333333333333333,0.8,5e-8,133,0.8,0.8,0.81
2,3,1,1,mult,3,1,0.3333333333333333,0.85,5e-8,133,0.85,0.85,0.57
2,3,1,1,mult,3,1,0.3333333333333333,0.9,5e-8,133,0.9,0.9,0.22
2,3,1,1,mult,3,1,0.3333333333333333,0.95,5e-8,133,0.95,0.95,0.02
2,3,1,1,mult,3,1,0.3333333333333333,0.6,5e-10,133,0.6,0.6,0.95
2,3,1,1,mult,3,1,0.3333333333333333,0.65,5e-10,133,0.65,0.65,0.92
2,3,1,1,mult,3,1,0.3333333333333333,0.7,5e-10,133,0.7,0.7,0.87
2,3,1,1,mult,3,1,0.3333333333333333,0.75,5e-10,133,0.75,0.75,0.75
2,3,1,1,mult,3,1,0.3333333333333333,0.8,5e-10,133,0.8,0.8,0.55
2,3,1,1,mult,3,1,0.3333333333333333,0.85,5e-10,133,0.85,0.85,0.28
2,3,1,1,mult,3,1,0.3333333333333333,0.9,5e-10,133,0.9,0.9,0.06
2,3,1,1,mult,3,1,0.3333333333333333,0.95,5e-10,133,0.95,0.95,0
2,3,1,1,mult,3,1,0.3333333333333333,0.6,0.05,150,0.6,0.6,1
2,3,1,1,mult,3,1,0.3333333333333333,0.65,0.05,150,0.65,0.65,1
2,3,1,1,mult,3,1,0.3333333333333333,0.7,0.05,150,0.7,0.7,1
2,3,1,1,mult,3,1,0.3333333333333333,0.75,0.05,150,0.75,0.75,1
2,3,1,1,mult,3,1,0.3333333333333333,0.8,0.05,150,0.8,0.8,1
2,3,1,1,mult,3,1,0.3333333333333333,0.85,0.05,150,0.85,0.85,1
2,3,1,1,mult,3,1,0.3333333333333333,0.9,0.05,150,0.9,0.9,1
2,3,1,1,mult,3,1,0.3333333333333333,0.95,0.05,150,0.95,0.95,0.94
2,3,1,1,mult,3,1,0.3333333333333333,0.6,5e-5,150,0.6,0.6,1
2,3,1,1,mult,3,1,0.3333333333333333,0.65,5e-5,150,0.65,0.65,1
2,3,1,1,mult,3,1,0.3333333333333333,0.7,5e-5,150,0.7,0.7,1
2,3,1,1,mult,3,1,0.3333333333333333,0.75,5e-5,150,0.75,0.75,1
2,3,1,1,mult,3,1,0.3333333333333333,0.8,5e-5,150,0.8,0.8,1
2,3,1,1,mult,3,1,0.3333333333333333,0.85,5e-5,150,0.85,0.85,0.97
2,3,1,1,mult,3,1,0.3333333333333333,0.9,5e-5,150,0.9,0.9,0.81
2,3,1,1,mult,3,1,0.3333333333333333,0.95,5e-5,150,0.95,0.95,0.3
2,3,1,1,mult,3,1,0.3333333333333333,0.6,5e-6,150,0.6,0.6,1
2,3,1,1,mult,3,1,0.3333333333333333,0.65,5e-6,150,0.65,0.65,1
2,3,1,1,mult,3,1,0.3333333333333333,0.7,5e-6,150,0.7,0.7,1
2,3,1,1,mult,3,1,0.3333333333333333,0.75,5e-6,150,0.75,0.75,1
2,3,1,1,mult,3,1,0.3333333333333333,0.8,5e-6,150,0.8,0.8,0.98
2,3,1,1,mult,3,1,0.3333333333333333,0.85,5e-6,150,0.85,0.85,0.92
2,3,1,1,mult,3,1,0.3333333333333333,0.9,5e-6,150,0.9,0.9,0.66
2,3,1,1,mult,3,1,0.3333333333333333,0.95,5e-6,150,0.95,0.95,0.15
2,3,1,1,mult,3,1,0.3333333333333333,0.6,5.000000000000001e-7,150,0.6,0.6,1
2,3,1,1,mult,3,1,0.3333333333333333,0.65,5.000000000000001e-7,150,0.65,0.65,1
2,3,1,1,mult,3,1,0.3333333333333333,0.7,5.000000000000001e-7,150,0.7,0.7,1
2,3,1,1,mult,3,1,0.3333333333333333,0.75,5.000000000000001e-7,150,0.75,0.75,0.99
2,3,1,1,mult,3,1,0.3333333333333333,0.8,5.000000000000001e-7,150,0.8,0.8,0.96
2,3,1,1,mult,3,1,0.3333333333333333,0.85,5.000000000000001e-7,150,0.85,0.85,0.83
2,3,1,1,mult,3,1,0.3333333333333333,0.9,5.000000000000001e-7,150,0.9,0.9,0.48
2,3,1,1,mult,3,1,0.3333333333333333,0.95,5.000000000000001e-7,150,0.95,0.95,0.07
2,3,1,1,mult,3,1,0.3333333333333333,0.6,5e-8,150,0.6,0.6,1
2,3,1,1,mult,3,1,0.3333333333333333,0.65,5e-8,150,0.65,0.65,1
2,3,1,1,mult,3,1,0.3333333333333333,0.7,5e-8,150,0.7,0.7,0.99
2,3,1,1,mult,3,1,0.3333333333333333,0.75,5e-8,150,0.75,0.75,0.97
2,3,1,1,mult,3,1,0.3333333333333333,0.8,5e-8,150,0.8,0.8,0.9
2,3,1,1,mult,3,1,0.3333333333333333,0.85,5e-8,150,0.85,0.85,0.7
2,3,1,1,mult,3,1,0.3333333333333333,0.9,5e-8,150,0.9,0.9,0.32
2,3,1,1,mult,3,1,0.3333333333333333,0.95,5e-8,150,0.95,0.95,0.03
2,3,1,1,mult,3,1,0.3333333333333333,0.6,5e-10,150,0.6,0.6,0.98
2,3,1,1,mult,3,1,0.3333333333333333,0.65,5e-10,150,0.65,0.65,0.97
2,3,1,1,mult,3,1,0.3333333333333333,0.7,5e-10,150,0.7,0.7,0.94
2,3,1,1,mult,3,1,0.3333333333333333,0.75,5e-10,150,0.75,0.75,0.87
2,3,1,1,mult,3,1,0.3333333333333333,0.8,5e-10,150,0.8,0.8,0.71
2,3,1,1,mult,3,1,0.3333333333333333,0.85,5e-10,150,0.85,0.85,0.41
2,3,1,1,mult,3,1,0.3333333333333333,0.9,5e-10,150,0.9,0.9,0.11
2,3,1,1,mult,3,1,0.3333333333333333,0.95,5e-10,150,0.95,0.95,0
2,3,1,1,mult,3,1,0.3333333333333333,0.6,0.05,166,0.6,0.6,1
2,3,1,1,mult,3,1,0.3333333333333333,0.65,0.05,166,0.65,0.65,1
2,3,1,1,mult,3,1,0.3333333333333333,0.7,0.05,166,0.7,0.7,1
2,3,1,1,mult,3,1,0.3333333333333333,0.75,0.05,166,0.75,0.75,1
2,3,1,1,mult,3,1,0.3333333333333333,0.8,0.05,166,0.8,0.8,1
2,3,1,1,mult,3,1,0.3333333333333333,0.85,0.05,166,0.85,0.85,1
2,3,1,1,mult,3,1,0.3333333333333333,0.9,0.05,166,0.9,0.9,1
2,3,1,1,mult,3,1,0.3333333333333333,0.95,0.05,166,0.95,0.95,0.96
2,3,1,1,mult,3,1,0.3333333333333333,0.6,5e-5,166,0.6,0.6,1
2,3,1,1,mult,3,1,0.3333333333333333,0.65,5e-5,166,0.65,0.65,1
2,3,1,1,mult,3,1,0.3333333333333333,0.7,5e-5,166,0.7,0.7,1
2,3,1,1,mult,3,1,0.3333333333333333,0.75,5e-5,166,0.75,0.75,1
2,3,1,1,mult,3,1,0.3333333333333333,0.8,5e-5,166,0.8,0.8,1
2,3,1,1,mult,3,1,0.3333333333333333,0.85,5e-5,166,0.85,0.85,0.99
2,3,1,1,mult,3,1,0.3333333333333333,0.9,5e-5,166,0.9,0.9,0.88
2,3,1,1,mult,3,1,0.3333333333333333,0.95,5e-5,166,0.95,0.95,0.37
2,3,1,1,mult,3,1,0.3333333333333333,0.6,5e-6,166,0.6,0.6,1
2,3,1,1,mult,3,1,0.3333333333333333,0.65,5e-6,166,0.65,0.65,1
2,3,1,1,mult,3,1,0.3333333333333333,0.7,5e-6,166,0.7,0.7,1
2,3,1,1,mult,3,1,0.3333333333333333,0.75,5e-6,166,0.75,0.75,1
2,3,1,1,mult,3,1,0.3333333333333333,0.8,5e-6,166,0.8,0.8,0.99
2,3,1,1,mult,3,1,0.3333333333333333,0.85,5e-6,166,0.85,0.85,0.96
2,3,1,1,mult,3,1,0.3333333333333333,0.9,5e-6,166,0.9,0.9,0.75
2,3,1,1,mult,3,1,0.3333333333333333,0.95,5e-6,166,0.95,0.95,0.2
2,3,1,1,mult,3,1,0.3333333333333333,0.6,5.000000000000001e-7,166,0.6,0.6,1
2,3,1,1,mult,3,1,0.3333333333333333,0.65,5.000000000000001e-7,166,0.65,0.65,1
2,3,1,1,mult,3,1,0.3333333333333333,0.7,5.000000000000001e-7,166,0.7,0.7,1
2,3,1,1,mult,3,1,0.3333333333333333,0.75,5.000000000000001e-7,166,0.75,0.75,1
2,3,1,1,mult,3,1,0.3333333333333333,0.8,5.000000000000001e-7,166,0.8,0.8,0.98
2,3,1,1,mult,3,1,0.3333333333333333,0.85,5.000000000000001e-7,166,0.85,0.85,0.9
2,3,1,1,mult,3,1,0.3333333333333333,0.9,5.000000000000001e-7,166,0.9,0.9,0.59
2,3,1,1,mult,3,1,0.3333333333333333,0.95,5.000000000000001e-7,166,0.95,0.95,0.1
2,3,1,1,mult,3,1,0.3333333333333333,0.6,5e-8,166,0.6,0.6,1
2,3,1,1,mult,3,1,0.3333333333333333,0.65,5e-8,166,0.65,0.65,1
2,3,1,1,mult,3,1,0.3333333333333333,0.7,5e-8,166,0.7,0.7,1
2,3,1,1,mult,3,1,0.3333333333333333,0.75,5e-8,166,0.75,0.75,0.99
2,3,1,1,mult,3,1,0.3333333333333333,0.8,5e-8,166,0.8,0.8,0.95
2,3,1,1,mult,3,1,0.3333333333333333,0.85,5e-8,166,0.85,0.85,0.8
2,3,1,1,mult,3,1,0.3333333333333333,0.9,5e-8,166,0.9,0.9,0.42
2,3,1,1,mult,3,1,0.3333333333333333,0.95,5e-8,166,0.95,0.95,0.04
2,3,1,1,mult,3,1,0.3333333333333333,0.6,5e-10,166,0.6,0.6,1
2,3,1,1,mult,3,1,0.3333333333333333,0.65,5e-10,166,0.65,0.65,0.99
2,3,1,1,mult,3,1,0.3333333333333333,0.7,5e-10,166,0.7,0.7,0.98
2,3,1,1,mult,3,1,0.3333333333333333,0.75,5e-10,166,0.75,0.75,0.94
2,3,1,1,mult,3,1,0.3333333333333333,0.8,5e-10,166,0.8,0.8,0.82
2,3,1,1,mult,3,1,0.3333333333333333,0.85,5e-10,166,0.85,0.85,0.54
2,3,1,1,mult,3,1,0.3333333333333333,0.9,5e-10,166,0.9,0.9,0.17
2,3,1,1,mult,3,1,0.3333333333333333,0.95,5e-10,166,0.95,0.95,0.01
2,3,1,1,mult,3,1,0.3333333333333333,0.6,0.05,183,0.6,0.6,1
2,3,1,1,mult,3,1,0.3333333333333333,0.65,0.05,183,0.65,0.65,1
2,3,1,1,mult,3,1,0.3333333333333333,0.7,0.05,183,0.7,0.7,1
2,3,1,1,mult,3,1,0.3333333333333333,0.75,0.05,183,0.75,0.75,1
2,3,1,1,mult,3,1,0.3333333333333333,0.8,0.05,183,0.8,0.8,1
2,3,1,1,mult,3,1,0.3333333333333333,0.85,0.05,183,0.85,0.85,1
2,3,1,1,mult,3,1,0.3333333333333333,0.9,0.05,183,0.9,0.9,1
2,3,1,1,mult,3,1,0.3333333333333333,0.95,0.05,183,0.95,0.95,0.97
2,3,1,1,mult,3,1,0.3333333333333333,0.6,5e-5,183,0.6,0.6,1
2,3,1,1,mult,3,1,0.3333333333333333,0.65,5e-5,183,0.65,0.65,1
2,3,1,1,mult,3,1,0.3333333333333333,0.7,5e-5,183,0.7,0.7,1
2,3,1,1,mult,3,1,0.3333333333333333,0.75,5e-5,183,0.75,0.75,1
2,3,1,1,mult,3,1,0.3333333333333333,0.8,5e-5,183,0.8,0.8,1
2,3,1,1,mult,3,1,0.3333333333333333,0.85,5e-5,183,0.85,0.85,0.99
2,3,1,1,mult,3,1,0.3333333333333333,0.9,5e-5,183,0.9,0.9,0.92
2,3,1,1,mult,3,1,0.3333333333333333,0.95,5e-5,183,0.95,0.95,0.44
2,3,1,1,mult,3,1,0.3333333333333333,0.6,5e-6,183,0.6,0.6,1
2,3,1,1,mult,3,1,0.3333333333333333,0.65,5e-6,183,0.65,0.65,1
2,3,1,1,mult,3,1,0.3333333333333333,0.7,5e-6,183,0.7,0.7,1
2,3,1,1,mult,3,1,0.3333333333333333,0.75,5e-6,183,0.75,0.75,1
2,3,1,1,mult,3,1,0.3333333333333333,0.8,5e-6,183,0.8,0.8,1
2,3,1,1,mult,3,1,0.3333333333333333,0.85,5e-6,183,0.85,0.85,0.98
2,3,1,1,mult,3,1,0.3333333333333333,0.9,5e-6,183,0.9,0.9,0.83
2,3,1,1,mult,3,1,0.3333333333333333,0.95,5e-6,183,0.95,0.95,0.26
2,3,1,1,mult,3,1,0.3333333333333333,0.6,5.000000000000001e-7,183,0.6,0.6,1
2,3,1,1,mult,3,1,0.3333333333333333,0.65,5.000000000000001e-7,183,0.65,0.65,1
2,3,1,1,mult,3,1,0.3333333333333333,0.7,5.000000000000001e-7,183,0.7,0.7,1
2,3,1,1,mult,3,1,0.3333333333333333,0.75,5.000000000000001e-7,183,0.75,0.75,1
2,3,1,1,mult,3,1,0.3333333333333333,0.8,5.000000000000001e-7,183,0.8,0.8,0.99
2,3,1,1,mult,3,1,0.3333333333333333,0.85,5.000000000000001e-7,183,0.85,0.85,0.95
2,3,1,1,mult,3,1,0.3333333333333333,0.9,5.000000000000001e-7,183,0.9,0.9,0.69
2,3,1,1,mult,3,1,0.3333333333333333,0.95,5.000000000000001e-7,183,0.95,0.95,0.14
2,3,1,1,mult,3,1,0.3333333333333333,0.6,5e-8,183,0.6,0.6,1
2,3,1,1,mult,3,1,0.3333333333333333,0.65,5e-8,183,0.65,0.65,1
2,3,1,1,mult,3,1,0.3333333333333333,0.7,5e-8,183,0.7,0.7,1
2,3,1,1,mult,3,1,0.3333333333333333,0.75,5e-8,183,0.75,0.75,1
2,3,1,1,mult,3,1,0.3333333333333333,0.8,5e-8,183,0.8,0.8,0.98
2,3,1,1,mult,3,1,0.3333333333333333,0.85,5e-8,183,0.85,0.85,0.88
2,3,1,1,mult,3,1,0.3333333333333333,0.9,5e-8,183,0.9,0.9,0.53
2,3,1,1,mult,3,1,0.3333333333333333,0.95,5e-8,183,0.95,0.95,0.07
2,3,1,1,mult,3,1,0.3333333333333333,0.6,5e-10,183,0.6,0.6,1
2,3,1,1,mult,3,1,0.3333333333333333,0.65,5e-10,183,0.65,0.65,1
2,3,1,1,mult,3,1,0.3333333333333333,0.7,5e-10,183,0.7,0.7,0.99
2,3,1,1,mult,3,1,0.3333333333333333,0.75,5e-10,183,0.75,0.75,0.97
2,3,1,1,mult,3,1,0.3333333333333333,0.8,5e-10,183,0.8,0.8,0.9
2,3,1,1,mult,3,1,0.3333333333333333,0.85,5e-10,183,0.85,0.85,0.67
2,3,1,1,mult,3,1,0.3333333333333333,0.9,5e-10,183,0.9,0.9,0.25
2,3,1,1,mult,3,1,0.3333333333333333,0.95,5e-10,183,0.95,0.95,0.01
2,3,1,1,mult,3,1,0.3333333333333333,0.6,0.05,200,0.6,0.6,1
2,3,1,1,mult,3,1,0.3333333333333333,0.65,0.05,200,0.65,0.65,1
2,3,1,1,mult,3,1,0.3333333333333333,0.7,0.05,200,0.7,0.7,1
2,3,1,1,mult,3,1,0.3333333333333333,0.75,0.05,200,0.75,0.75,1
2,3,1,1,mult,3,1,0.3333333333333333,0.8,0.05,200,0.8,0.8,1
2,3,1,1,mult,3,1,0.3333333333333333,0.85,0.05,200,0.85,0.85,1
2,3,1,1,mult,3,1,0.3333333333333333,0.9,0.05,200,0.9,0.9,1
2,3,1,1,mult,3,1,0.3333333333333333,0.95,0.05,200,0.95,0.95,0.98
2,3,1,1,mult,3,1,0.3333333333333333,0.6,5e-5,200,0.6,0.6,1
2,3,1,1,mult,3,1,0.3333333333333333,0.65,5e-5,200,0.65,0.65,1
2,3,1,1,mult,3,1,0.3333333333333333,0.7,5e-5,200,0.7,0.7,1
2,3,1,1,mult,3,1,0.3333333333333333,0.75,5e-5,200,0.75,0.75,1
2,3,1,1,mult,3,1,0.3333333333333333,0.8,5e-5,200,0.8,0.8,1
2,3,1,1,mult,3,1,0.3333333333333333,0.85,5e-5,200,0.85,0.85,1
2,3,1,1,mult,3,1,0.3333333333333333,0.9,5e-5,200,0.9,0.9,0.96
2,3,1,1,mult,3,1,0.3333333333333333,0.95,5e-5,200,0.95,0.95,0.52
2,3,1,1,mult,3,1,0.3333333333333333,0.6,5e-6,200,0.6,0.6,1
2,3,1,1,mult,3,1,0.3333333333333333,0.65,5e-6,200,0.65,0.65,1
2,3,1,1,mult,3,1,0.3333333333333333,0.7,5e-6,200,0.7,0.7,1
2,3,1,1,mult,3,1,0.3333333333333333,0.75,5e-6,200,0.75,0.75,1
2,3,1,1,mult,3,1,0.3333333333333333,0.8,5e-6,200,0.8,0.8,1
2,3,1,1,mult,3,1,0.3333333333333333,0.85,5e-6,200,0.85,0.85,0.99
2,3,1,1,mult,3,1,0.3333333333333333,0.9,5e-6,200,0.9,0.9,0.89
2,3,1,1,mult,3,1,0.3333333333333333,0.95,5e-6,200,0.95,0.95,0.33
2,3,1,1,mult,3,1,0.3333333333333333,0.6,5.000000000000001e-7,200,0.6,0.6,1
2,3,1,1,mult,3,1,0.3333333333333333,0.65,5.000000000000001e-7,200,0.65,0.65,1
2,3,1,1,mult,3,1,0.3333333333333333,0.7,5.000000000000001e-7,200,0.7,0.7,1
2,3,1,1,mult,3,1,0.3333333333333333,0.75,5.000000000000001e-7,200,0.75,0.75,1
2,3,1,1,mult,3,1,0.3333333333333333,0.8,5.000000000000001e-7,200,0.8,0.8,1
2,3,1,1,mult,3,1,0.3333333333333333,0.85,5.000000000000001e-7,200,0.85,0.85,0.97
2,3,1,1,mult,3,1,0.3333333333333333,0.9,5.000000000000001e-7,200,0.9,0.9,0.77
2,3,1,1,mult,3,1,0.3333333333333333,0.95,5.000000000000001e-7,200,0.95,0.95,0.18
2,3,1,1,mult,3,1,0.3333333333333333,0.6,5e-8,200,0.6,0.6,1
2,3,1,1,mult,3,1,0.3333333333333333,0.65,5e-8,200,0.65,0.65,1
2,3,1,1,mult,3,1,0.3333333333333333,0.7,5e-8,200,0.7,0.7,1
2,3,1,1,mult,3,1,0.3333333333333333,0.75,5e-8,200,0.75,0.75,1
2,3,1,1,mult,3,1,0.3333333333333333,0.8,5e-8,200,0.8,0.8,0.99
2,3,1,1,mult,3,1,0.3333333333333333,0.85,5e-8,200,0.85,0.85,0.93
2,3,1,1,mult,3,1,0.3333333333333333,0.9,5e-8,200,0.9,0.9,0.63
2,3,1,1,mult,3,1,0.3333333333333333,0.95,5e-8,200,0.95,0.95,0.09
2,3,1,1,mult,3,1,0.3333333333333333,0.6,5e-10,200,0.6,0.6,1
2,3,1,1,mult,3,1,0.3333333333333333,0.65,5e-10,200,0.65,0.65,1
2,3,1,1,mult,3,1,0.3333333333333333,0.7,5e-10,200,0.7,0.7,1
2,3,1,1,mult,3,1,0.3333333333333333,0.75,5e-10,200,0.75,0.75,0.99
2,3,1,1,mult,3,1,0.3333333333333333,0.8,5e-10,200,0.8,0.8,0.95
2,3,1,1,mult,3,1,0.3333333333333333,0.85,5e-10,200,0.85,0.85,0.77
2,3,1,1,mult,3,1,0.3333333333333333,0.9,5e-10,200,0.9,0.9,0.34
2,3,1,1,mult,3,1,0.3333333333333333,0.95,5e-10,200,0.95,0.95,0.02
2,3,1,1,mult,3,1,0.3333333333333333,0.6,0.05,216,0.6,0.6,1
2,3,1,1,mult,3,1,0.3333333333333333,0.65,0.05,216,0.65,0.65,1
2,3,1,1,mult,3,1,0.3333333333333333,0.7,0.05,216,0.7,0.7,1
2,3,1,1,mult,3,1,0.3333333333333333,0.75,0.05,216,0.75,0.75,1
2,3,1,1,mult,3,1,0.3333333333333333,0.8,0.05,216,0.8,0.8,1
2,3,1,1,mult,3,1,0.3333333333333333,0.85,0.05,216,0.85,0.85,1
2,3,1,1,mult,3,1,0.3333333333333333,0.9,0.05,216,0.9,0.9,1
2,3,1,1,mult,3,1,0.3333333333333333,0.95,0.05,216,0.95,0.95,0.99
2,3,1,1,mult,3,1,0.3333333333333333,0.6,5e-5,216,0.6,0.6,1
2,3,1,1,mult,3,1,0.3333333333333333,0.65,5e-5,216,0.65,0.65,1
2,3,1,1,mult,3,1,0.3333333333333333,0.7,5e-5,216,0.7,0.7,1
2,3,1,1,mult,3,1,0.3333333333333333,0.75,5e-5,216,0.75,0.75,1
2,3,1,1,mult,3,1,0.3333333333333333,0.8,5e-5,216,0.8,0.8,1
2,3,1,1,mult,3,1,0.3333333333333333,0.85,5e-5,216,0.85,0.85,1
2,3,1,1,mult,3,1,0.3333333333333333,0.9,5e-5,216,0.9,0.9,0.97
2,3,1,1,mult,3,1,0.3333333333333333,0.95,5e-5,216,0.95,0.95,0.59
2,3,1,1,mult,3,1,0.3333333333333333,0.6,5e-6,216,0.6,0.6,1
2,3,1,1,mult,3,1,0.3333333333333333,0.65,5e-6,216,0.65,0.65,1
2,3,1,1,mult,3,1,0.3333333333333333,0.7,5e-6,216,0.7,0.7,1
2,3,1,1,mult,3,1,0.3333333333333333,0.75,5e-6,216,0.75,0.75,1
2,3,1,1,mult,3,1,0.3333333333333333,0.8,5e-6,216,0.8,0.8,1
2,3,1,1,mult,3,1,0.3333333333333333,0.85,5e-6,216,0.85,0.85,1
2,3,1,1,mult,3,1,0.3333333333333333,0.9,5e-6,216,0.9,0.9,0.92
2,3,1,1,mult,3,1,0.3333333333333333,0.95,5e-6,216,0.95,0.95,0.39
2,3,1,1,mult,3,1,0.3333333333333333,0.6,5.000000000000001e-7,216,0.6,0.6,1
2,3,1,1,mult,3,1,0.3333333333333333,0.65,5.000000000000001e-7,216,0.65,0.65,1
2,3,1,1,mult,3,1,0.3333333333333333,0.7,5.000000000000001e-7,216,0.7,0.7,1
2,3,1,1,mult,3,1,0.3333333333333333,0.75,5.000000000000001e-7,216,0.75,0.75,1
2,3,1,1,mult,3,1,0.3333333333333333,0.8,5.000000000000001e-7,216,0.8,0.8,1
2,3,1,1,mult,3,1,0.3333333333333333,0.85,5.000000000000001e-7,216,0.85,0.85,0.99
2,3,1,1,mult,3,1,0.3333333333333333,0.9,5.000000000000001e-7,216,0.9,0.9,0.84
2,3,1,1,mult,3,1,0.3333333333333333,0.95,5.000000000000001e-7,216,0.95,0.95,0.23
2,3,1,1,mult,3,1,0.3333333333333333,0.6,5e-8,216,0.6,0.6,1
2,3,1,1,mult,3,1,0.3333333333333333,0.65,5e-8,216,0.65,0.65,1
2,3,1,1,mult,3,1,0.3333333333333333,0.7,5e-8,216,0.7,0.7,1
2,3,1,1,mult,3,1,0.3333333333333333,0.75,5e-8,216,0.75,0.75,1
2,3,1,1,mult,3,1,0.3333333333333333,0.8,5e-8,216,0.8,0.8,1
2,3,1,1,mult,3,1,0.3333333333333333,0.85,5e-8,216,0.85,0.85,0.96
2,3,1,1,mult,3,1,0.3333333333333333,0.9,5e-8,216,0.9,0.9,0.72
2,3,1,1,mult,3,1,0.3333333333333333,0.95,5e-8,216,0.95,0.95,0.13
2,3,1,1,mult,3,1,0.3333333333333333,0.6,5e-10,216,0.6,0.6,1
2,3,1,1,mult,3,1,0.3333333333333333,0.65,5e-10,216,0.65,0.65,1
2,3,1,1,mult,3,1,0.3333333333333333,0.7,5e-10,216,0.7,0.7,1
2,3,1,1,mult,3,1,0.3333333333333333,0.75,5e-10,216,0.75,0.75,1
2,3,1,1,mult,3,1,0.3333333333333333,0.8,5e-10,216,0.8,0.8,0.97
2,3,1,1,mult,3,1,0.3333333333333333,0.85,5e-10,216,0.85,0.85,0.85
2,3,1,1,mult,3,1,0.3333333333333333,0.9,5e-10,216,0.9,0.9,0.43
2,3,1,1,mult,3,1,0.3333333333333333,0.95,5e-10,216,0.95,0.95,0.03
2,3,1,1,mult,3,1,0.3333333333333333,0.6,0.05,233,0.6,0.6,1
2,3,1,1,mult,3,1,0.3333333333333333,0.65,0.05,233,0.65,0.65,1
2,3,1,1,mult,3,1,0.3333333333333333,0.7,0.05,233,0.7,0.7,1
2,3,1,1,mult,3,1,0.3333333333333333,0.75,0.05,233,0.75,0.75,1
2,3,1,1,mult,3,1,0.3333333333333333,0.8,0.05,233,0.8,0.8,1
2,3,1,1,mult,3,1,0.3333333333333333,0.85,0.05,233,0.85,0.85,1
2,3,1,1,mult,3,1,0.3333333333333333,0.9,0.05,233,0.9,0.9,1
2,3,1,1,mult,3,1,0.3333333333333333,0.95,0.05,233,0.95,0.95,0.99
2,3,1,1,mult,3,1,0.3333333333333333,0.6,5e-5,233,0.6,0.6,1
2,3,1,1,mult,3,1,0.3333333333333333,0.65,5e-5,233,0.65,0.65,1
2,3,1,1,mult,3,1,0.3333333333333333,0.7,5e-5,233,0.7,0.7,1
2,3,1,1,mult,3,1,0.3333333333333333,0.75,5e-5,233,0.75,0.75,1
2,3,1,1,mult,3,1,0.3333333333333333,0.8,5e-5,233,0.8,0.8,1
2,3,1,1,mult,3,1,0.3333333333333333,0.85,5e-5,233,0.85,0.85,1
2,3,1,1,mult,3,1,0.3333333333333333,0.9,5e-5,233,0.9,0.9,0.99
2,3,1,1,mult,3,1,0.3333333333333333,0.95,5e-5,233,0.95,0.95,0.65
2,3,1,1,mult,3,1,0.3333333333333333,0.6,5e-6,233,0.6,0.6,1
2,3,1,1,mult,3,1,0.3333333333333333,0.65,5e-6,233,0.65,0.65,1
2,3,1,1,mult,3,1,0.3333333333333333,0.7,5e-6,233,0.7,0.7,1
2,3,1,1,mult,3,1,0.3333333333333333,0.75,5e-6,233,0.75,0.75,1
2,3,1,1,mult,3,1,0.3333333333333333,0.8,5e-6,233,0.8,0.8,1
2,3,1,1,mult,3,1,0.3333333333333333,0.85,5e-6,233,0.85,0.85,1
2,3,1,1,mult,3,1,0.3333333333333333,0.9,5e-6,233,0.9,0.9,0.95
2,3,1,1,mult,3,1,0.3333333333333333,0.95,5e-6,233,0.95,0.95,0.46
2,3,1,1,mult,3,1,0.3333333333333333,0.6,5.000000000000001e-7,233,0.6,0.6,1
2,3,1,1,mult,3,1,0.3333333333333333,0.65,5.000000000000001e-7,233,0.65,0.65,1
2,3,1,1,mult,3,1,0.3333333333333333,0.7,5.000000000000001e-7,233,0.7,0.7,1
2,3,1,1,mult,3,1,0.3333333333333333,0.75,5.000000000000001e-7,233,0.75,0.75,1
2,3,1,1,mult,3,1,0.3333333333333333,0.8,5.000000000000001e-7,233,0.8,0.8,1
2,3,1,1,mult,3,1,0.3333333333333333,0.85,5.000000000000001e-7,233,0.85,0.85,0.99
2,3,1,1,mult,3,1,0.3333333333333333,0.9,5.000000000000001e-7,233,0.9,0.9,0.89
2,3,1,1,mult,3,1,0.3333333333333333,0.95,5.000000000000001e-7,233,0.95,0.95,0.29
2,3,1,1,mult,3,1,0.3333333333333333,0.6,5e-8,233,0.6,0.6,1
2,3,1,1,mult,3,1,0.3333333333333333,0.65,5e-8,233,0.65,0.65,1
2,3,1,1,mult,3,1,0.3333333333333333,0.7,5e-8,233,0.7,0.7,1
2,3,1,1,mult,3,1,0.3333333333333333,0.75,5e-8,233,0.75,0.75,1
2,3,1,1,mult,3,1,0.3333333333333333,0.8,5e-8,233,0.8,0.8,1
2,3,1,1,mult,3,1,0.3333333333333333,0.85,5e-8,233,0.85,0.85,0.98
2,3,1,1,mult,3,1,0.3333333333333333,0.9,5e-8,233,0.9,0.9,0.79
2,3,1,1,mult,3,1,0.3333333333333333,0.95,5e-8,233,0.95,0.95,0.17
2,3,1,1,mult,3,1,0.3333333333333333,0.6,5e-10,233,0.6,0.6,1
2,3,1,1,mult,3,1,0.3333333333333333,0.65,5e-10,233,0.65,0.65,1
2,3,1,1,mult,3,1,0.3333333333333333,0.7,5e-10,233,0.7,0.7,1
2,3,1,1,mult,3,1,0.3333333333333333,0.75,5e-10,233,0.75,0.75,1
2,3,1,1,mult,3,1,0.3333333333333333,0.8,5e-10,233,0.8,0.8,0.99
2,3,1,1,mult,3,1,0.3333333333333333,0.85,5e-10,233,0.85,0.85,0.91
2,3,1,1,mult,3,1,0.3333333333333333,0.9,5e-10,233,0.9,0.9,0.53
2,3,1,1,mult,3,1,0.3333333333333333,0.95,5e-10,233,0.95,0.95,0.04
2,3,1,1,mult,3,1,0.3333333333333333,0.6,0.05,250,0.6,0.6,1
2,3,1,1,mult,3,1,0.3333333333333333,0.65,0.05,250,0.65,0.65,1
2,3,1,1,mult,3,1,0.3333333333333333,0.7,0.05,250,0.7,0.7,1
2,3,1,1,mult,3,1,0.3333333333333333,0.75,0.05,250,0.75,0.75,1
2,3,1,1,mult,3,1,0.3333333333333333,0.8,0.05,250,0.8,0.8,1
2,3,1,1,mult,3,1,0.3333333333333333,0.85,0.05,250,0.85,0.85,1
2,3,1,1,mult,3,1,0.3333333333333333,0.9,0.05,250,0.9,0.9,1
2,3,1,1,mult,3,1,0.3333333333333333,0.95,0.05,250,0.95,0.95,1
2,3,1,1,mult,3,1,0.3333333333333333,0.6,5e-5,250,0.6,0.6,1
2,3,1,1,mult,3,1,0.3333333333333333,0.65,5e-5,250,0.65,0.65,1
2,3,1,1,mult,3,1,0.3333333333333333,0.7,5e-5,250,0.7,0.7,1
2,3,1,1,mult,3,1,0.3333333333333333,0.75,5e-5,250,0.75,0.75,1
2,3,1,1,mult,3,1,0.3333333333333333,0.8,5e-5,250,0.8,0.8,1
2,3,1,1,mult,3,1,0.3333333333333333,0.85,5e-5,250,0.85,0.85,1
2,3,1,1,mult,3,1,0.3333333333333333,0.9,5e-5,250,0.9,0.9,0.99
2,3,1,1,mult,3,1,0.3333333333333333,0.95,5e-5,250,0.95,0.95,0.71
2,3,1,1,mult,3,1,0.3333333333333333,0.6,5e-6,250,0.6,0.6,1
2,3,1,1,mult,3,1,0.3333333333333333,0.65,5e-6,250,0.65,0.65,1
2,3,1,1,mult,3,1,0.3333333333333333,0.7,5e-6,250,0.7,0.7,1
2,3,1,1,mult,3,1,0.3333333333333333,0.75,5e-6,250,0.75,0.75,1
2,3,1,1,mult,3,1,0.3333333333333333,0.8,5e-6,250,0.8,0.8,1
2,3,1,1,mult,3,1,0.3333333333333333,0.85,5e-6,250,0.85,0.85,1
2,3,1,1,mult,3,1,0.3333333333333333,0.9,5e-6,250,0.9,0.9,0.97
2,3,1,1,mult,3,1,0.3333333333333333,0.95,5e-6,250,0.95,0.95,0.53
2,3,1,1,mult,3,1,0.3333333333333333,0.6,5.000000000000001e-7,250,0.6,0.6,1
2,3,1,1,mult,3,1,0.3333333333333333,0.65,5.000000000000001e-7,250,0.65,0.65,1
2,3,1,1,mult,3,1,0.3333333333333333,0.7,5.000000000000001e-7,250,0.7,0.7,1
2,3,1,1,mult,3,1,0.3333333333333333,0.75,5.000000000000001e-7,250,0.75,0.75,1
2,3,1,1,mult,3,1,0.3333333333333333,0.8,5.000000000000001e-7,250,0.8,0.8,1
2,3,1,1,mult,3,1,0.3333333333333333,0.85,5.000000000000001e-7,250,0.85,0.85,1
2,3,1,1,mult,3,1,0.3333333333333333,0.9,5.000000000000001e-7,250,0.9,0.9,0.93
2,3,1,1,mult,3,1,0.3333333333333333,0.95,5.000000000000001e-7,250,0.95,0.95,0.35
2,3,1,1,mult,3,1,0.3333333333333333,0.6,5e-8,250,0.6,0.6,1
2,3,1,1,mult,3,1,0.3333333333333333,0.65,5e-8,250,0.65,0.65,1
2,3,1,1,mult,3,1,0.3333333333333333,0.7,5e-8,250,0.7,0.7,1
2,3,1,1,mult,3,1,0.3333333333333333,0.75,5e-8,250,0.75,0.75,1
2,3,1,1,mult,3,1,0.3333333333333333,0.8,5e-8,250,0.8,0.8,1
2,3,1,1,mult,3,1,0.3333333333333333,0.85,5e-8,250,0.85,0.85,0.99
2,3,1,1,mult,3,1,0.3333333333333333,0.9,5e-8,250,0.9,0.9,0.85
2,3,1,1,mult,3,1,0.3333333333333333,0.95,5e-8,250,0.95,0.95,0.21
2,3,1,1,mult,3,1,0.3333333333333333,0.6,5e-10,250,0.6,0.6,1
2,3,1,1,mult,3,1,0.3333333333333333,0.65,5e-10,250,0.65,0.65,1
2,3,1,1,mult,3,1,0.3333333333333333,0.7,5e-10,250,0.7,0.7,1
2,3,1,1,mult,3,1,0.3333333333333333,0.75,5e-10,250,0.75,0.75,1
2,3,1,1,mult,3,1,0.3333333333333333,0.8,5e-10,250,0.8,0.8,1
2,3,1,1,mult,3,1,0.3333333333333333,0.85,5e-10,250,0.85,0.85,0.94
2,3,1,1,mult,3,1,0.3333333333333333,0.9,5e-10,250,0.9,0.9,0.62
2,3,1,1,mult,3,1,0.3333333333333333,0.95,5e-10,250,0.95,0.95,0.06
2,3,1,1,mult,3,1,0.3333333333333333,0.6,0.05,266,0.6,0.6,1
2,3,1,1,mult,3,1,0.3333333333333333,0.65,0.05,266,0.65,0.65,1
2,3,1,1,mult,3,1,0.3333333333333333,0.7,0.05,266,0.7,0.7,1
2,3,1,1,mult,3,1,0.3333333333333333,0.75,0.05,266,0.75,0.75,1
2,3,1,1,mult,3,1,0.3333333333333333,0.8,0.05,266,0.8,0.8,1
2,3,1,1,mult,3,1,0.3333333333333333,0.85,0.05,266,0.85,0.85,1
2,3,1,1,mult,3,1,0.3333333333333333,0.9,0.05,266,0.9,0.9,1
2,3,1,1,mult,3,1,0.3333333333333333,0.95,0.05,266,0.95,0.95,1
2,3,1,1,mult,3,1,0.3333333333333333,0.6,5e-5,266,0.6,0.6,1
2,3,1,1,mult,3,1,0.3333333333333333,0.65,5e-5,266,0.65,0.65,1
2,3,1,1,mult,3,1,0.3333333333333333,0.7,5e-5,266,0.7,0.7,1
2,3,1,1,mult,3,1,0.3333333333333333,0.75,5e-5,266,0.75,0.75,1
2,3,1,1,mult,3,1,0.3333333333333333,0.8,5e-5,266,0.8,0.8,1
2,3,1,1,mult,3,1,0.3333333333333333,0.85,5e-5,266,0.85,0.85,1
2,3,1,1,mult,3,1,0.3333333333333333,0.9,5e-5,266,0.9,0.9,1
2,3,1,1,mult,3,1,0.3333333333333333,0.95,5e-5,266,0.95,0.95,0.76
2,3,1,1,mult,3,1,0.3333333333333333,0.6,5e-6,266,0.6,0.6,1
2,3,1,1,mult,3,1,0.3333333333333333,0.65,5e-6,266,0.65,0.65,1
2,3,1,1,mult,3,1,0.3333333333333333,0.7,5e-6,266,0.7,0.7,1
2,3,1,1,mult,3,1,0.3333333333333333,0.75,5e-6,266,0.75,0.75,1
2,3,1,1,mult,3,1,0.3333333333333333,0.8,5e-6,266,0.8,0.8,1
2,3,1,1,mult,3,1,0.3333333333333333,0.85,5e-6,266,0.85,0.85,1
2,3,1,1,mult,3,1,0.3333333333333333,0.9,5e-6,266,0.9,0.9,0.98
2,3,1,1,mult,3,1,0.3333333333333333,0.95,5e-6,266,0.95,0.95,0.59
2,3,1,1,mult,3,1,0.3333333333333333,0.6,5.000000000000001e-7,266,0.6,0.6,1
2,3,1,1,mult,3,1,0.3333333333333333,0.65,5.000000000000001e-7,266,0.65,0.65,1
2,3,1,1,mult,3,1,0.3333333333333333,0.7,5.000000000000001e-7,266,0.7,0.7,1
2,3,1,1,mult,3,1,0.3333333333333333,0.75,5.000000000000001e-7,266,0.75,0.75,1
2,3,1,1,mult,3,1,0.3333333333333333,0.8,5.000000000000001e-7,266,0.8,0.8,1
2,3,1,1,mult,3,1,0.3333333333333333,0.85,5.000000000000001e-7,266,0.85,0.85,1
2,3,1,1,mult,3,1,0.3333333333333333,0.9,5.000000000000001e-7,266,0.9,0.9,0.95
2,3,1,1,mult,3,1,0.3333333333333333,0.95,5.000000000000001e-7,266,0.95,0.95,0.41
2,3,1,1,mult,3,1,0.3333333333333333,0.6,5e-8,266,0.6,0.6,1
2,3,1,1,mult,3,1,0.3333333333333333,0.65,5e-8,266,0.65,0.65,1
2,3,1,1,mult,3,1,0.3333333333333333,0.7,5e-8,266,0.7,0.7,1
2,3,1,1,mult,3,1,0.3333333333333333,0.75,5e-8,266,0.75,0.75,1
2,3,1,1,mult,3,1,0.3333333333333333,0.8,5e-8,266,0.8,0.8,1
2,3,1,1,mult,3,1,0.3333333333333333,0.85,5e-8,266,0.85,0.85,1
2,3,1,1,mult,3,1,0.3333333333333333,0.9,5e-8,266,0.9,0.9,0.9
2,3,1,1,mult,3,1,0.3333333333333333,0.95,5e-8,266,0.95,0.95,0.26
2,3,1,1,mult,3,1,0.3333333333333333,0.6,5e-10,266,0.6,0.6,1
2,3,1,1,mult,3,1,0.3333333333333333,0.65,5e-10,266,0.65,0.65,1
2,3,1,1,mult,3,1,0.3333333333333333,0.7,5e-10,266,0.7,0.7,1
2,3,1,1,mult,3,1,0.3333333333333333,0.75,5e-10,266,0.75,0.75,1
2,3,1,1,mult,3,1,0.3333333333333333,0.8,5e-10,266,0.8,0.8,1
2,3,1,1,mult,3,1,0.3333333333333333,0.85,5e-10,266,0.85,0.85,0.97
2,3,1,1,mult,3,1,0.3333333333333333,0.9,5e-10,266,0.9,0.9,0.69
2,3,1,1,mult,3,1,0.3333333333333333,0.95,5e-10,266,0.95,0.95,0.08
